{
    "Cryptography": {
        "Eyes N Closed": {
            "Description": "Bahkan \u30a2\u30ea\u5148\u751f bisa mengerjakannya dengan mata tertutup\r\n</br>\r\nCare, its ENCrypted with Really Secure Algorithm", 
            "Files": [
                "/files/211fe381a7dcae52c601072a7c6c3bad/crt.txt?token=eyJ0ZWFtX2lkIjoxMiwidXNlcl9pZCI6MTQsImZpbGVfaWQiOjh9.XWtuzQ.RVLtp63vpq30cQZmTQK0HKmxsRs"
            ], 
            "Hint": "", 
            "ID": 9, 
            "Points": 414
        }, 
        "Forgot": {
            "Description": "I forgot which algorithm that I used to encrypt this. but I am sure enough it is modern algorithm", 
            "Files": [
                "/files/5c2b838a827408e2eb8b5d3a2e323637/forgot?token=eyJ0ZWFtX2lkIjoxMiwidXNlcl9pZCI6MTQsImZpbGVfaWQiOjE2fQ.XWtuzQ._blaCXInTdWaji55wkkn2KCd_Eg"
            ], 
            "Hint": "", 
            "ID": 16, 
            "Points": 500
        }, 
        "\u3042\u308a \u3042\u3068": {
            "Description": "Disaat sensei ari sudah berkata tugas kriptografi. 9 dari 10 Mahasiswa akan mengerjakan tugas mata kuliah lain.", 
            "Files": [
                "/files/c21f38f27877ec1f948d0c7c7e677845/old.odt?token=eyJ0ZWFtX2lkIjoxMiwidXNlcl9pZCI6MTQsImZpbGVfaWQiOjl9.XWtuzA.sCdI3hPcnJYpeN6wsa93bJrC__A"
            ], 
            "Hint": "", 
            "ID": 8, 
            "Points": 247
        }
    }, 
    "Forensics": {
        "Green Milky Ways": {
            "Description": "Jika fotografer bisa membuat beberapa foto tajam dari satu foto dan menjualnya secara personal. Ia akan melakukannya. Terkadang profit lebih penting dari value secara utuh. Bagaimana menurutmu?", 
            "Files": [
                "/files/85c8ccb136366802b29703507a4fa5ee/alice.zip?token=eyJ0ZWFtX2lkIjoxMiwidXNlcl9pZCI6MTQsImZpbGVfaWQiOjR9.XWtuzg.C51M7RZ8nMZDFFjkxux48rZeecs", 
                "/files/981b3b896822f592013d3b99528b10f2/enc.pyc?token=eyJ0ZWFtX2lkIjoxMiwidXNlcl9pZCI6MTQsImZpbGVfaWQiOjV9.XWtuzg.JPBP_murGrCchljyJ0g2PblKeeQ"
            ], 
            "Hint": "", 
            "ID": 3, 
            "Points": 180
        }, 
        "Putra Petir dalam Gelombang I'eau ": {
            "Description": "Negeri I'eau sangat terkenal dengan gelombang-gelombang pasang laut yang menakutkan. konon katanya, gelombang itu dapat merusak apa saja yang menghampirinya.\r\n</br>\r\nAnton mengirimkan suatu hal yang begitu rahasia menuju negeri tersebut. Namun, hal tersebut rusak dibuatnya. Bisakah kamu melihat hal rahasia tersebut?", 
            "Files": [
                "/files/30abf11f012caf7a4174a9df3671974d/Poetra_Petir.exe?token=eyJ0ZWFtX2lkIjoxMiwidXNlcl9pZCI6MTQsImZpbGVfaWQiOjE3fQ.XWtuzQ.5WeFB-yYdwCytkjDPtaaAdg0kwg"
            ], 
            "Hint": "", 
            "ID": 2, 
            "Points": 500
        }, 
        "Tetangga Amerika": {
            "Description": "Bukan Canada", 
            "Files": [
                "/files/e63b549569ed77d7b3a4d2d6add9db44/Forensics3.pcapng?token=eyJ0ZWFtX2lkIjoxMiwidXNlcl9pZCI6MTQsImZpbGVfaWQiOjN9.XWtuzg.JI8GgJh7peSv7Q_EN8ArEQJWfxs"
            ], 
            "Hint": "", 
            "ID": 4, 
            "Points": 500
        }
    }, 
    "Misc": {
        "Feedback": {
            "Description": "https://forms.gle/u4cuqiCa9QWKS2i59", 
            "Files": [], 
            "Hint": "", 
            "ID": 17, 
            "Points": 1
        }, 
        "Welcome to Hology CTF": {
            "Description": "Berikut contoh string yang perlu dicari\r\n</br>\r\nhctf{F1nd_s0methin_lik3_thI5_0k}", 
            "Files": [], 
            "Hint": "", 
            "ID": 1, 
            "Points": 1
        }
    }, 
    "Pwn": {
        "Cetak": {
            "Description": "Lengkap, tapi mantap!</br>\r\n</br>\r\n</br>\r\n</br>\r\nnc 34.87.0.60 2056", 
            "Files": [
                "/files/fc5722e7b89c22225c201d438ecf7d34/cetak?token=.eJyrVipJTcyNz0xRsjI00lEqLU4tgnBMdJTSMnNSoZxaAAbrDII.XWtuzw.TVKg6TcYtPFZvKmx17M3sA0u2BM"
            ], 
            "Hint": "", 
            "ID": 14, 
            "Points": 786
        }, 
        "Demi Masa": {
            "Description": "mas mas</br>\r\nmasa sih?</br>\r\nmasa</br>\r\nmassa</br>\r\n</br>\r\nnc 34.87.0.60 2057", 
            "Files": [
                "/files/18a8ac68a6d9632567de5a66ff713387/waktuSource.pyc?token=eyJ0ZWFtX2lkIjoxMiwidXNlcl9pZCI6MTQsImZpbGVfaWQiOjEzfQ.XWtuzw.DQocBfHLZjUy9XJjapE8W-1hb2w"
            ], 
            "Hint": "", 
            "ID": 13, 
            "Points": 402
        }, 
        "troll": {
            "Description": "nc 34.87.0.60:2058", 
            "Files": [
                "/files/f4be0279b75efce60ab1ad539154a8ad/TrollFILE?token=eyJ0ZWFtX2lkIjoxMiwidXNlcl9pZCI6MTQsImZpbGVfaWQiOjE1fQ.XWtuzw.xsnHiBDQ0WFKmS8cJ3XzSRTuH_c"
            ], 
            "Hint": "", 
            "ID": 15, 
            "Points": 426
        }
    }, 
    "Reverse": {
        "Creativity and Simplicity": {
            "Description": "Login and its yours", 
            "Files": [
                "/files/d4932993eddca2c912ca57e8e86a14d3/Login_Paul?token=eyJ0ZWFtX2lkIjoxMiwidXNlcl9pZCI6MTQsImZpbGVfaWQiOjEwfQ.XWtuzw.kOiJJajtVYICtpx8YvT2NWcanI4"
            ], 
            "Hint": "", 
            "ID": 7, 
            "Points": 490
        }, 
        "Easy Dian ": {
            "Description": "Login and its yours", 
            "Files": [
                "/files/25130294f30a6fbf4cb507ad2d3d0765/dian?token=eyJ0ZWFtX2lkIjoxMiwidXNlcl9pZCI6MTQsImZpbGVfaWQiOjd9.XWtuzw.M_J0vwr4ugP_k8V3OmyPOXu2-5U"
            ], 
            "Hint": "", 
            "ID": 6, 
            "Points": 156
        }, 
        "The Intern": {
            "Description": "Anak Intern perusahaan kami percaya, jika program cukup sulit untuk ditulis, berarti program tersebut juga harus cukup sulit untuk dibaca. \r\n</br>\r\nJika program cukup sulit untuk dibaca, berarti cukup sulit untuk dimanipulasi.\r\n\r\n", 
            "Files": [
                "/files/ffb34eabf11bf4333db2f1b4f31fd554/CrackMe_v_1.exe?token=eyJ0ZWFtX2lkIjoxMiwidXNlcl9pZCI6MTQsImZpbGVfaWQiOjZ9.XWtuzw.6nHO03njaSQDET7AtQt7o4dVu-0"
            ], 
            "Hint": "", 
            "ID": 5, 
            "Points": 485
        }
    }, 
    "Web": {
        "Deep Enough": {
            "Description": "I believe that my secret string is deep enough\r\n</br>\r\n34.87.0.60:2052", 
            "Files": [], 
            "Hint": "", 
            "ID": 12, 
            "Points": 457
        }, 
        "I Learnt PHP": {
            "Description": "I've Learnt PHP. I'd love it if you wanna try my web. Connect to 34.87.0.60:2051 and tell me if something wrong!", 
            "Files": [], 
            "Hint": "", 
            "ID": 11, 
            "Points": 447
        }, 
        "Unreachable": {
            "Description": "I think my friend hide flag.php somewhere, but I cant reach it. Would you mind to help me?\r\n</br>\r\n34.87.0.60:2050", 
            "Files": [], 
            "Hint": "", 
            "ID": 10, 
            "Points": 500
        }
    }
}